epitope,frequency
SNVTWFHAI,114
PFFSNVTWF,114
LPFFSNVTWF,114
LPFFSNVTW,114
FLPFFSNVT,114
FFSNVTWFH,114
IELSLIDFYL,28
AFLLFLVLI,28
SLIDFYLCFL,28
MIELSLIDFY,28
LLFLVLIML,28
LIDFYLCFL,28
YLCFLAFLL,28
IDFYLCFLAF,28
FYLCFLAFLL,28
FYLCFLAFL,28
FLAFLLFLV,28
NVFAFPFTIY,21
NVFAFPFTI,21
MGYINVFAF,21
INVFAFPFTI,21
GYINVFAFPF,21
AFPFTIYSL,21
YINVFAFPF,21
FLNGSCGSV,13
QSINFVRII,13
YLYALVYFL,13
FLQSINFVR,13
FLQSINFVRI,13
FLYLYALVYF,13
GLEAPFLYLY,13
INFVRIIMR,13
LQSINFVRI,13
LQSINFVRII,13
SINFVRIIMR,13
VYFLQSINF,13
VYFLQSINFV,13
YFLQSINFVR,13
FVDGVPFVV,11
LWLLWPVTL,9
FLWLLWPVTL,9
TLACFVLAAV,9
LWPVTLACF,9
WLLWPVTLA,9
FLWLLWPVT,9
WPVTLACFVL,9
HTTDPSFLGRY,8
RQLLFVVEV,8
VQELYSPIFL,7
QELYSPIFL,7
VQELYSPIF,7
ELYSPIFLI,7
LYSPIFLIV,7
FPNITNLCPF,6
QPTESIVRF,6
RFPNITNLCPF,6
TESIVRFPNI,6
VQPTESIVRF,6
VRFPNITNL,6
LLFLAFVVFL,5
SVLLFLAFV,5
LIVNSVLLFL,5
APAHISTI,5
SPRWYFYYL,5
LSPRWYFYY,5
KEIIFLEGETL,4
APKEIIFL,4
AELAKNVSLDNVL,4
LLLDDFVEI,4
LLDDFVEII,4
AEAELAKNVSL,4
YLNTLTLAV,4
SEHDYQIGGYTEKW,4
YQIGGYTEK,4
YQIGGYTEKW,4
MLIIFWFSL,3
MEVTPSGTWL,3
TPSGTWLTY,3
VTPSGTWLTY,3
IMLIIFWFSL,3
LLYDANYFL,3
PLLYDANYFL,3
NPLLYDANY,3
LYDANYFLCW,3
LLYDANYFLC,3
YDANYFLCW,3
GMEVTPSGTWL,3
FLPRVFSAV,3
AYKTFPPTEPK,3
KTFPPTEPK,3
ALALLLLDR,2
NVYADSFVIR,2
LNDLCFTNVY,2
KLNDLCFTNV,2
FTNVYADSFV,2
FTNVYADSF,2
CFTNVYADSF,2
YTVSCLPFTI,2
LVLSVNPYV,2
NYTVSCLPF,2
FAYANRNRF,2
LQFAYANRNR,2
YANRNRFLY,2
NSIAIPTNF,2
IPTNFTISV,2
AYSNNSIAIPTNF,2
VYADSFVIR,2
GDAALALLLL,2
FPPTSFGPL,2
LALLLLDRL,2
GYQPYRVVVL,2
PYRVVVLSF,2
QPYRVVVL,2
QPYRVVVLSF,2
RIAGHHLGR,2
HLRIAGHHL,2
IVDTVSALV,2
FVRATATIPI,2
ILGTVSWNL,2
SNEKQEILGTVSW,2
VVFLHVTYV,2
GVVFLHVTY,2
APHGVVFLHV,2
APHGVVFL,2
LLLLDRLNQL,2
LLLLDRLNQ,2
LLLDRLNQL,2
AIPTNFTISV,2
KLSYGIATV,2
LYIIKLIFLW,2
VDDPCPIHFY,2
FLYIIKLIFL,2
FLYIIKLVFL,2
LYIIKLIFL,2
RFLYIIKLIF,2
YIIKLIFLW,2
YIIKLIFLWL,2
GAGAALQIPFAMQMAYRFN,2
GLTVLPPLLTDEMIAQYTS,2
LICAQKFNGLTVLPPLLTD,2
LTDEMIAQYTSALLAGTIT,2
TITSGWTFGAGAALQIPFA,2
YTSALLAGTITSGWTFGAG,2
QASSRSSSRSRNSSRNSTP,2
RSRNSSRNSTPGSSRGTSP,2
NGGDAALALLLLDRLNQLE,2
VVDDPCPIHFY,2
TSPARMAGNGGDAALALLL,2
GNYTVSCLPF,2
SELVIGAVI,2
SELVIGAVIL,2
STPGSSRGTSPARMAGNGG,2
YVVDDPCPI,2
RLNQLESKMSGKGQQQQGQ,1
QGQTVTKKSAAEASKKPRQ,1
FGEVFNATRF,1
NATRFASVY,1
PRQKRTATKAYNVTQAFGR,1
FIAGLIAIV,1
MSGKGQQQQGQTVTKKSAA,1
SVSPKLFIR,1
KEIDRLNEV,1
FNATRFASVY,1
GEVFNATRF,1
YHLMSFPQSA,1
FPQSAPHGVVF,1
FPQSAPHGV,1
AEVQIDRLI,1
IQYIDIGNY,1
HLMSFPQSA,1
VQIDRLITGR,1
HQPYVVDDPCPIHFYSKWYI,1
VEAEVQIDRL,1
AEVQIDRLIT,1
GTITSGWTF,1
ITTVAAFHQECSLQSCTQHQ,1
NATRFASVYAWNRKRISNC,1
ECSLQSCTQHQPYVVDDPCP,1
AQVKQIYKTPPIKDFGGFN,1
SNCVADYSVLYNSASFSTF,1
VRFPNITNLCPFGEVFNAT,1
WICLLQFAY,1
SEETGTLIV,1
YFTSDYYQLY,1
VLHSYFTSDY,1
SYFTSDYYQL,1
ATSRTLSYY,1
ATSRTLSYYK,1
YAWNRKRISNCVADYSVLY,1
TSRTLSYYK,1
TVATSRTLSY,1
CGDSTECSNLLLQYGSFCT,1
RARSVSPKL,1
DKNTQEVFAQVKQIYKTPP,1
FCTQLNRALTGIAVEQDKN,1
LTGIAVEQDKNTQEVFAQV,1
NLLLQYGSFCTQLNRALTG,1
CELYHYQECV,1
ITLATCELY,1
LITLATCELY,1
TLATCELYHY,1
RVQPTESIVRFPNITNLCP,1
SLVKPSFYV,1
QELIRQGTDY,1
ELIRQGTDY,1
QELIRQGTDYKHW,1
MWSFNPETNI,1
LPIGINITRF,1
LIIMRTFKV,1
NSRIKASM,1
YIFFASFYY,1
FKVSIWNLDY,1
ILLIIMRTFK,1
IMRTFKVSI,1
KVSIWNLDY,1
KVSIWNLDYI,1
RTFKVSIWNL,1
LLFVTVYSHL,1
SIWNLDYII,1
TFKVSIWNL,1
VSIWNLDYII,1
QLMCQPILL,1
QLMCQPILLL,1
STQDLFLPFF,1
TQDLFLPFF,1
TVYSHLLLV,1
FVCNLLLLFV,1
INITRFQTL,1
GRLQSLQTY,1
CTFEYVSQPF,1
EYVSQPFLM,1
FEYVSQPFL,1
GAEHVNNSY,1
IGAEHVNNSY,1
KPLEFGATSAAL,1
LLSAGIFGA,1
LITGRLQSL,1
VLWAHGFEL,1
RLQSLQTYV,1
IPYNSVTSSI,1
PYNSVTSSI,1
AYILFTRFFYV,1
YYRARAGEAANF,1
ITDVFYKENSY,1
SEYKGPITDVFY,1
IPIQASLPF,1
FLCLFLLPSL,1
FLLPSLATV,1
YEQYIKWPW,1
TPCNGVEGFNCYFPLQSYG,1
VVVLSFELLHAPATVCGPK,1
DTDFVNEFYAY,1
NRDVDTDFVNEFY,1
YLDAYNMMI,1
TLIGDCATV,1
QYIKWPWYI,1
YEQYIKWPWY,1
VLAWLYAAV,1
DGVYFASTEK,1
GVYFASTEK,1
LPFNDGVYF,1
LPFNDGVYFA,1
VLPFNDGVY,1
VLPFNDGVYF,1
DLPIGINITR,1
SYGFQPTNGVGYQPYRVVV,1
LHAPATVCGPKKSTNLVKN,1
GVGYQPYRVVVLSFELLHA,1
FNCYFPLQSYGFQPTNGVG,1
MPASWVMRI,1
TVLSFCAFA,1
VLSFCAFAV,1
ILHCANFNV,1
ASQSIIAYTM,1
RSVASQSII,1
SIIAYTMSL,1
SQSIIAYTM,1
VASQSIIAY,1
SFNPETNIL,1
SMWSFNPET,1
KMKDLSPRW,1
ILGLPTQTV,1
MVMCGGSLYV,1
VMCGGSLYV,1
SAAEASKKPRQKRTATKAY,1
