cdr3b,epitope
CASSYTLNTEAFF,"['APKEIIFL', 'KEIIFLEGETL', 'CTFEYVSQPF', 'EYVSQPFLM', 'FEYVSQPFL']"
CASSSGNTEAFF,"['APKEIIFL', 'KEIIFLEGETL', 'GAEHVNNSY', 'IGAEHVNNSY', 'FLQSINFVR', 'FLQSINFVRI', 'FLYLYALVYF', 'GLEAPFLYLY', 'INFVRIIMR', 'LQSINFVRI', 'LQSINFVRII', 'QSINFVRII', 'SINFVRIIMR', 'VYFLQSINF', 'VYFLQSINFV', 'YFLQSINFVR', 'YLYALVYFL']"
CASGGTSTDTQYF,"['APKEIIFL', 'KEIIFLEGETL']"
CASSHGAEAFF,"['APKEIIFL', 'KEIIFLEGETL']"
CASSIVSNQPQHF,['KPLEFGATSAAL']
CASSITSSYNEQFF,['LLSAGIFGA']
CASSPGTGTYEQYF,"['ILGTVSWNL', 'SNEKQEILGTVSW', 'FLQSINFVR', 'FLQSINFVRI', 'FLYLYALVYF', 'GLEAPFLYLY', 'INFVRIIMR', 'LQSINFVRI', 'LQSINFVRII', 'QSINFVRII', 'SINFVRIIMR', 'VYFLQSINF', 'VYFLQSINFV', 'YFLQSINFVR', 'YLYALVYFL']"
CASSIGVGEAFF,"['ILGTVSWNL', 'SNEKQEILGTVSW', 'FLWLLWPVT', 'FLWLLWPVTL', 'LWLLWPVTL', 'LWPVTLACF', 'TLACFVLAAV', 'WLLWPVTLA', 'WPVTLACFVL']"
CASSFSSYEQYF,"['HTTDPSFLGRY', 'FLPRVFSAV', 'FLNGSCGSV', 'GRLQSLQTY', 'LITGRLQSL', 'RLQSLQTYV', 'AFPFTIYSL', 'GYINVFAFPF', 'INVFAFPFTI', 'MGYINVFAF', 'NVFAFPFTI', 'NVFAFPFTIY', 'YINVFAFPF']"
CASSWTANTEAFF,['HTTDPSFLGRY']
CASSPRAGNEKLFF,['HTTDPSFLGRY']
CASSPRDGQETQYF,"['HTTDPSFLGRY', 'IPYNSVTSSI', 'PYNSVTSSI']"
CASSLGSGGPDEQYF,['HTTDPSFLGRY']
CASSLGNEQFF,"['HTTDPSFLGRY', 'AYILFTRFFYV', 'FVDGVPFVV', 'RQLLFVVEV', 'LVLSVNPYV', 'LLDDFVEII', 'LLLDDFVEI', 'YLNTLTLAV', 'FFSNVTWFH', 'FLPFFSNVT', 'LPFFSNVTW', 'LPFFSNVTWF', 'PFFSNVTWF', 'SNVTWFHAI', 'AFPFTIYSL', 'GYINVFAFPF', 'INVFAFPFTI', 'MGYINVFAF', 'NVFAFPFTI', 'NVFAFPFTIY', 'YINVFAFPF']"
CASSVTSGSYNEQFF,['HTTDPSFLGRY']
CASSPTSGGYNEQFF,"['HTTDPSFLGRY', 'KLSYGIATV', 'FPNITNLCPF', 'QPTESIVRF', 'RFPNITNLCPF', 'TESIVRFPNI', 'VQPTESIVRF', 'VRFPNITNL', 'AFLLFLVLI', 'FLAFLLFLV', 'FYLCFLAFL', 'FYLCFLAFLL', 'IDFYLCFLAF', 'IELSLIDFYL', 'LIDFYLCFL', 'LLFLVLIML', 'MIELSLIDFY', 'SLIDFYLCFL', 'YLCFLAFLL']"
CASSIRSSYEQYF,"['YYRARAGEAANF', 'FFSNVTWFH', 'FLPFFSNVT', 'LPFFSNVTW', 'LPFFSNVTWF', 'PFFSNVTWF', 'SNVTWFHAI', 'FPNITNLCPF', 'QPTESIVRF', 'RFPNITNLCPF', 'TESIVRFPNI', 'VQPTESIVRF', 'VRFPNITNL']"
CASSPSGNEQFF,"['ITDVFYKENSY', 'SEYKGPITDVFY', 'VLWAHGFEL', 'FVCNLLLLFV', 'LLFVTVYSHL', 'TVYSHLLLV']"
CASSSFYTDTQYF,['NSRIKASM']
CASSLGQPQHF,"['YIFFASFYY', 'FLWLLWPVT', 'FLWLLWPVTL', 'LWLLWPVTL', 'LWPVTLACF', 'TLACFVLAAV', 'WLLWPVTLA', 'WPVTLACFVL', 'FKVSIWNLDY', 'ILLIIMRTFK', 'IMRTFKVSI', 'KVSIWNLDY', 'KVSIWNLDYI', 'LIIMRTFKV', 'RTFKVSIWNL', 'SIWNLDYII', 'TFKVSIWNL', 'VSIWNLDYII', 'AFPFTIYSL', 'GYINVFAFPF', 'INVFAFPFTI', 'MGYINVFAF', 'NVFAFPFTI', 'NVFAFPFTIY', 'YINVFAFPF']"
CASSFGQGSYEQYF,"['QLMCQPILL', 'QLMCQPILLL', 'FLNGSCGSV']"
CASSYAETQYF,"['AEAELAKNVSL', 'AELAKNVSLDNVL', 'AFPFTIYSL', 'GYINVFAFPF', 'INVFAFPFTI', 'MGYINVFAF', 'NVFAFPFTI', 'NVFAFPFTIY', 'YINVFAFPF']"
CASSPVGTGELFF,"['AEAELAKNVSL', 'AELAKNVSLDNVL']"
CASSQTGSTDTQYF,"['AEAELAKNVSL', 'AELAKNVSLDNVL', 'FLYIIKLIFL', 'FLYIIKLVFL', 'LYIIKLIFL', 'LYIIKLIFLW', 'RFLYIIKLIF', 'YIIKLIFLW', 'YIIKLIFLWL']"
CASSWTGNTEAFF,"['AEAELAKNVSL', 'AELAKNVSLDNVL', 'STQDLFLPFF', 'TQDLFLPFF', 'AFLLFLVLI', 'FLAFLLFLV', 'FYLCFLAFL', 'FYLCFLAFLL', 'IDFYLCFLAF', 'IELSLIDFYL', 'LIDFYLCFL', 'LLFLVLIML', 'MIELSLIDFY', 'SLIDFYLCFL', 'YLCFLAFLL']"
CASSLSGLGEQFF,['FLPRVFSAV']
CASSPSGSEQFF,"['FLPRVFSAV', 'FLYIIKLIFL', 'FLYIIKLVFL', 'LYIIKLIFL', 'LYIIKLIFLW', 'RFLYIIKLIF', 'YIIKLIFLW', 'YIIKLIFLWL']"
CASSQDPGYEQYF,"['FLNGSCGSV', 'IPIQASLPF', 'LSPRWYFYY', 'SPRWYFYYL']"
CASSYGGYEQYF,['FLNGSCGSV']
CASSILAGGYNEQFF,['FLNGSCGSV']
CASSYSYEQYF,"['FLNGSCGSV', 'FPNITNLCPF', 'QPTESIVRF', 'RFPNITNLCPF', 'TESIVRFPNI', 'VQPTESIVRF', 'VRFPNITNL', 'AFLLFLVLI', 'FLAFLLFLV', 'FYLCFLAFL', 'FYLCFLAFLL', 'IDFYLCFLAF', 'IELSLIDFYL', 'LIDFYLCFL', 'LLFLVLIML', 'MIELSLIDFY', 'SLIDFYLCFL', 'YLCFLAFLL', 'AFPFTIYSL', 'GYINVFAFPF', 'INVFAFPFTI', 'MGYINVFAF', 'NVFAFPFTI', 'NVFAFPFTIY', 'YINVFAFPF', 'GAGAALQIPFAMQMAYRFN', 'GLTVLPPLLTDEMIAQYTS', 'LICAQKFNGLTVLPPLLTD', 'LTDEMIAQYTSALLAGTIT', 'TITSGWTFGAGAALQIPFA', 'YTSALLAGTITSGWTFGAG']"
CASSLAGNYGYTF,['FLNGSCGSV']
CASSMVGGSYNEQFF,['FLNGSCGSV']
CASSWTVNTEAFF,"['FLNGSCGSV', 'FLCLFLLPSL', 'FLLPSLATV']"
CASSFGIYEQYF,['FLNGSCGSV']
CASSETSGGTDTQYF,['FLNGSCGSV']
CASSRQTEAFF,['FLNGSCGSV']
CASSFLAGGYNEQFF,"['FLNGSCGSV', 'AFLLFLVLI', 'FLAFLLFLV', 'FYLCFLAFL', 'FYLCFLAFLL', 'IDFYLCFLAF', 'IELSLIDFYL', 'LIDFYLCFL', 'LLFLVLIML', 'MIELSLIDFY', 'SLIDFYLCFL', 'YLCFLAFLL', 'VDDPCPIHFY', 'VVDDPCPIHFY', 'YVVDDPCPI']"
CASSIVSQETQYF,['VLAWLYAAV']
CASSSGLAGGNEQFF,['MPASWVMRI']
CASSLGADNEQFF,"['TVLSFCAFA', 'VLSFCAFAV']"
CASSFSTDTQYF,['ILHCANFNV']
CASSLSSYNEQFF,"['FPPTSFGPL', 'APAHISTI', 'LIVNSVLLFL', 'LLFLAFVVFL', 'SVLLFLAFV', 'ASQSIIAYTM', 'RSVASQSII', 'SIIAYTMSL', 'SQSIIAYTM', 'VASQSIIAY', 'AIPTNFTISV', 'AYSNNSIAIPTNF', 'IPTNFTISV', 'NSIAIPTNF', 'FLQSINFVR', 'FLQSINFVRI', 'FLYLYALVYF', 'GLEAPFLYLY', 'INFVRIIMR', 'LQSINFVRI', 'LQSINFVRII', 'QSINFVRII', 'SINFVRIIMR', 'VYFLQSINF', 'VYFLQSINFV', 'YFLQSINFVR', 'YLYALVYFL', 'MWSFNPETNI', 'SFNPETNIL', 'SMWSFNPET', 'KMKDLSPRW']"
CASSHRSSYEQYF,['FPPTSFGPL']
CASSYGLNTEAFF,['FVDGVPFVV']
CASSTYNEQFF,"['FVDGVPFVV', 'LLYDANYFL', 'LLYDANYFLC', 'LYDANYFLCW', 'NPLLYDANY', 'PLLYDANYFL', 'YDANYFLCW', 'SEHDYQIGGYTEKW', 'YQIGGYTEK', 'YQIGGYTEKW', 'FLWLLWPVT', 'FLWLLWPVTL', 'LWLLWPVTL', 'LWPVTLACF', 'TLACFVLAAV', 'WLLWPVTLA', 'WPVTLACFVL']"
CASSPVGGEQFF,['FVDGVPFVV']
CASSLGDTEAFF,['FVDGVPFVV']
CASSIRSAYEQYF,"['FVDGVPFVV', 'FFSNVTWFH', 'FLPFFSNVT', 'LPFFSNVTW', 'LPFFSNVTWF', 'PFFSNVTWF', 'SNVTWFHAI']"
CASSVVASSYNEQFF,['FVDGVPFVV']
CASSLLATDTQYF,['FVDGVPFVV']
CASSLYEQYF,"['FVDGVPFVV', 'AFLLFLVLI', 'FLAFLLFLV', 'FYLCFLAFL', 'FYLCFLAFLL', 'IDFYLCFLAF', 'IELSLIDFYL', 'LIDFYLCFL', 'LLFLVLIML', 'MIELSLIDFY', 'SLIDFYLCFL', 'YLCFLAFLL']"
CASSIRGGNEQFF,"['FVDGVPFVV', 'CFTNVYADSF', 'FTNVYADSF', 'FTNVYADSFV', 'KLNDLCFTNV', 'LNDLCFTNVY', 'NVYADSFVIR', 'VYADSFVIR']"
CASSFSSTDTQYF,['FVDGVPFVV']
CASGLPYEQYF,"['RQLLFVVEV', 'ALALLLLDR', 'GDAALALLLL', 'LALLLLDRL', 'LLLDRLNQL', 'LLLLDRLNQ', 'LLLLDRLNQL']"
CASSIYSNQPQHF,"['RQLLFVVEV', 'FFSNVTWFH', 'FLPFFSNVT', 'LPFFSNVTW', 'LPFFSNVTWF', 'PFFSNVTWF', 'SNVTWFHAI', 'AFLLFLVLI', 'FLAFLLFLV', 'FYLCFLAFL', 'FYLCFLAFLL', 'IDFYLCFLAF', 'IELSLIDFYL', 'LIDFYLCFL', 'LLFLVLIML', 'MIELSLIDFY', 'SLIDFYLCFL', 'YLCFLAFLL']"
CASSVGVEQFF,['RQLLFVVEV']
CASSQGFYGYTF,['RQLLFVVEV']
CASSLEVGQETQYF,['RQLLFVVEV']
CASSFSGNTGELFF,['RQLLFVVEV']
CASSQGNEQFF,"['RQLLFVVEV', 'ILGLPTQTV', 'APHGVVFL', 'APHGVVFLHV', 'GVVFLHVTY', 'VVFLHVTYV', 'FLQSINFVR', 'FLQSINFVRI', 'FLYLYALVYF', 'GLEAPFLYLY', 'INFVRIIMR', 'LQSINFVRI', 'LQSINFVRII', 'QSINFVRII', 'SINFVRIIMR', 'VYFLQSINF', 'VYFLQSINFV', 'YFLQSINFVR', 'YLYALVYFL', 'FLWLLWPVT', 'FLWLLWPVTL', 'LWLLWPVTL', 'LWPVTLACF', 'TLACFVLAAV', 'WLLWPVTLA', 'WPVTLACFVL', 'ELYSPIFLI', 'LYSPIFLIV', 'QELYSPIFL', 'VQELYSPIF', 'VQELYSPIFL']"
CASSLGSYGYTF,"['MVMCGGSLYV', 'VMCGGSLYV', 'FFSNVTWFH', 'FLPFFSNVT', 'LPFFSNVTW', 'LPFFSNVTWF', 'PFFSNVTWF', 'SNVTWFHAI', 'FNCYFPLQSYGFQPTNGVG', 'GVGYQPYRVVVLSFELLHA', 'LHAPATVCGPKKSTNLVKN', 'SYGFQPTNGVGYQPYRVVV', 'TPCNGVEGFNCYFPLQSYG', 'VVVLSFELLHAPATVCGPK']"
CASSQGSYGYTF,"['DTDFVNEFYAY', 'NRDVDTDFVNEFY', 'FFSNVTWFH', 'FLPFFSNVT', 'LPFFSNVTW', 'LPFFSNVTWF', 'PFFSNVTWF', 'SNVTWFHAI']"
CASSFSPSSYNEQFF,"['LVLSVNPYV', 'AFLLFLVLI', 'FLAFLLFLV', 'FYLCFLAFL', 'FYLCFLAFLL', 'IDFYLCFLAF', 'IELSLIDFYL', 'LIDFYLCFL', 'LLFLVLIML', 'MIELSLIDFY', 'SLIDFYLCFL', 'YLCFLAFLL']"
CSAETGVGQPQHF,['KLSYGIATV']
CASSMGLYNEQFF,['IVDTVSALV']
CATSTGDSNQPQHF,"['IVDTVSALV', 'LLYDANYFL', 'LLYDANYFLC', 'LYDANYFLCW', 'NPLLYDANY', 'PLLYDANYFL', 'YDANYFLCW']"
CASSYGGGSYEQYF,"['YLDAYNMMI', 'AFLLFLVLI', 'FLAFLLFLV', 'FYLCFLAFL', 'FYLCFLAFLL', 'IDFYLCFLAF', 'IELSLIDFYL', 'LIDFYLCFL', 'LLFLVLIML', 'MIELSLIDFY', 'SLIDFYLCFL', 'YLCFLAFLL']"
CASSIRGSTEAFF,"['APAHISTI', 'LIVNSVLLFL', 'LLFLAFVVFL', 'SVLLFLAFV']"
CASSWTGTEAFF,"['APAHISTI', 'LIVNSVLLFL', 'LLFLAFVVFL', 'SVLLFLAFV', 'FLWLLWPVT', 'FLWLLWPVTL', 'LWLLWPVTL', 'LWPVTLACF', 'TLACFVLAAV', 'WLLWPVTLA', 'WPVTLACFVL']"
CASSLQGANEKLFF,"['APAHISTI', 'LIVNSVLLFL', 'LLFLAFVVFL', 'SVLLFLAFV']"
CASSQTYEQYF,"['APAHISTI', 'LIVNSVLLFL', 'LLFLAFVVFL', 'SVLLFLAFV', 'GAGAALQIPFAMQMAYRFN', 'GLTVLPPLLTDEMIAQYTS', 'LICAQKFNGLTVLPPLLTD', 'LTDEMIAQYTSALLAGTIT', 'TITSGWTFGAGAALQIPFA', 'YTSALLAGTITSGWTFGAG']"
CASSSGVYGYTF,"['LLDDFVEII', 'LLLDDFVEI']"
CASSLLAGPYNEQFF,"['LLDDFVEII', 'LLLDDFVEI']"
CASSILAGNEQFF,"['LLDDFVEII', 'LLLDDFVEI']"
CASSIYSSYEQYF,['YLNTLTLAV']
CASSGQGGTEAFF,['YLNTLTLAV']
CASSQERGGYNEQFF,['YLNTLTLAV']
CASSLNTEAFF,"['TLIGDCATV', 'AFLLFLVLI', 'FLAFLLFLV', 'FYLCFLAFL', 'FYLCFLAFLL', 'IDFYLCFLAF', 'IELSLIDFYL', 'LIDFYLCFL', 'LLFLVLIML', 'MIELSLIDFY', 'SLIDFYLCFL', 'YLCFLAFLL']"
CASSTRSTDTQYF,"['FFSNVTWFH', 'FLPFFSNVT', 'LPFFSNVTW', 'LPFFSNVTWF', 'PFFSNVTWF', 'SNVTWFHAI']"
CASSAGSYGYTF,"['FFSNVTWFH', 'FLPFFSNVT', 'LPFFSNVTW', 'LPFFSNVTWF', 'PFFSNVTWF', 'SNVTWFHAI', 'HLRIAGHHL', 'RIAGHHLGR']"
CASSVRSSYEQYF,"['FFSNVTWFH', 'FLPFFSNVT', 'LPFFSNVTW', 'LPFFSNVTWF', 'PFFSNVTWF', 'SNVTWFHAI']"
CASSRRSTDTQYF,"['FFSNVTWFH', 'FLPFFSNVT', 'LPFFSNVTW', 'LPFFSNVTWF', 'PFFSNVTWF', 'SNVTWFHAI']"
CASSTSGANQPQHF,"['FFSNVTWFH', 'FLPFFSNVT', 'LPFFSNVTW', 'LPFFSNVTWF', 'PFFSNVTWF', 'SNVTWFHAI']"
CASSGRAGNEQFF,"['FFSNVTWFH', 'FLPFFSNVT', 'LPFFSNVTW', 'LPFFSNVTWF', 'PFFSNVTWF', 'SNVTWFHAI']"
CASSIRSTGELFF,"['FFSNVTWFH', 'FLPFFSNVT', 'LPFFSNVTW', 'LPFFSNVTWF', 'PFFSNVTWF', 'SNVTWFHAI', 'SEHDYQIGGYTEKW', 'YQIGGYTEK', 'YQIGGYTEKW']"
CASSMRSSYEQYF,"['FFSNVTWFH', 'FLPFFSNVT', 'LPFFSNVTW', 'LPFFSNVTWF', 'PFFSNVTWF', 'SNVTWFHAI']"
CASSLRSTDTQYF,"['FFSNVTWFH', 'FLPFFSNVT', 'LPFFSNVTW', 'LPFFSNVTWF', 'PFFSNVTWF', 'SNVTWFHAI']"
CASSIRSTDTQYF,"['FFSNVTWFH', 'FLPFFSNVT', 'LPFFSNVTW', 'LPFFSNVTWF', 'PFFSNVTWF', 'SNVTWFHAI']"
CASSLRSTGELFF,"['FFSNVTWFH', 'FLPFFSNVT', 'LPFFSNVTW', 'LPFFSNVTWF', 'PFFSNVTWF', 'SNVTWFHAI']"
CASSMRSGVEQFF,"['FFSNVTWFH', 'FLPFFSNVT', 'LPFFSNVTW', 'LPFFSNVTWF', 'PFFSNVTWF', 'SNVTWFHAI']"
CASSRRSTGELFF,"['FFSNVTWFH', 'FLPFFSNVT', 'LPFFSNVTW', 'LPFFSNVTWF', 'PFFSNVTWF', 'SNVTWFHAI']"
CASSSRSGTEAFF,"['FFSNVTWFH', 'FLPFFSNVT', 'LPFFSNVTW', 'LPFFSNVTWF', 'PFFSNVTWF', 'SNVTWFHAI']"
CASSMRSTGELFF,"['FFSNVTWFH', 'FLPFFSNVT', 'LPFFSNVTW', 'LPFFSNVTWF', 'PFFSNVTWF', 'SNVTWFHAI']"
CASSIRSSETQYF,"['FFSNVTWFH', 'FLPFFSNVT', 'LPFFSNVTW', 'LPFFSNVTWF', 'PFFSNVTWF', 'SNVTWFHAI']"
CASSIRASYEQYF,"['FFSNVTWFH', 'FLPFFSNVT', 'LPFFSNVTW', 'LPFFSNVTWF', 'PFFSNVTWF', 'SNVTWFHAI']"
CASSIRSSDEQFF,"['FFSNVTWFH', 'FLPFFSNVT', 'LPFFSNVTW', 'LPFFSNVTWF', 'PFFSNVTWF', 'SNVTWFHAI']"
CASSTRSNQPQHF,"['FFSNVTWFH', 'FLPFFSNVT', 'LPFFSNVTW', 'LPFFSNVTWF', 'PFFSNVTWF', 'SNVTWFHAI']"
CASSSRSGVEQFF,"['FFSNVTWFH', 'FLPFFSNVT', 'LPFFSNVTW', 'LPFFSNVTWF', 'PFFSNVTWF', 'SNVTWFHAI']"
CASSPRSGIEQFF,"['FFSNVTWFH', 'FLPFFSNVT', 'LPFFSNVTW', 'LPFFSNVTWF', 'PFFSNVTWF', 'SNVTWFHAI']"
CASSLRSSYEQYF,"['FFSNVTWFH', 'FLPFFSNVT', 'LPFFSNVTW', 'LPFFSNVTWF', 'PFFSNVTWF', 'SNVTWFHAI', 'QYIKWPWYI', 'YEQYIKWPW', 'YEQYIKWPWY', 'SEHDYQIGGYTEKW', 'YQIGGYTEK', 'YQIGGYTEKW']"
CASSMGSYGYTF,"['FFSNVTWFH', 'FLPFFSNVT', 'LPFFSNVTW', 'LPFFSNVTWF', 'PFFSNVTWF', 'SNVTWFHAI']"
CASSIRSGWEQFF,"['FFSNVTWFH', 'FLPFFSNVT', 'LPFFSNVTW', 'LPFFSNVTWF', 'PFFSNVTWF', 'SNVTWFHAI']"
CASSIGAYGYTF,"['FFSNVTWFH', 'FLPFFSNVT', 'LPFFSNVTW', 'LPFFSNVTWF', 'PFFSNVTWF', 'SNVTWFHAI']"
CASSTRSGTEQFF,"['FFSNVTWFH', 'FLPFFSNVT', 'LPFFSNVTW', 'LPFFSNVTWF', 'PFFSNVTWF', 'SNVTWFHAI']"
CASSSRSAYEQYF,"['FFSNVTWFH', 'FLPFFSNVT', 'LPFFSNVTW', 'LPFFSNVTWF', 'PFFSNVTWF', 'SNVTWFHAI']"
CASSWRSTDTQYF,"['FFSNVTWFH', 'FLPFFSNVT', 'LPFFSNVTW', 'LPFFSNVTWF', 'PFFSNVTWF', 'SNVTWFHAI']"
CASSSRSGNEQFF,"['FFSNVTWFH', 'FLPFFSNVT', 'LPFFSNVTW', 'LPFFSNVTWF', 'PFFSNVTWF', 'SNVTWFHAI']"
CASSIRSSNEQFF,"['FFSNVTWFH', 'FLPFFSNVT', 'LPFFSNVTW', 'LPFFSNVTWF', 'PFFSNVTWF', 'SNVTWFHAI']"
CASSSRSSYEQYF,"['FFSNVTWFH', 'FLPFFSNVT', 'LPFFSNVTW', 'LPFFSNVTWF', 'PFFSNVTWF', 'SNVTWFHAI']"
CASSIGVYGYTF,"['FFSNVTWFH', 'FLPFFSNVT', 'LPFFSNVTW', 'LPFFSNVTWF', 'PFFSNVTWF', 'SNVTWFHAI']"
CASSGRSTGELFF,"['FFSNVTWFH', 'FLPFFSNVT', 'LPFFSNVTW', 'LPFFSNVTWF', 'PFFSNVTWF', 'SNVTWFHAI']"
CASSTRSTGELFF,"['FFSNVTWFH', 'FLPFFSNVT', 'LPFFSNVTW', 'LPFFSNVTWF', 'PFFSNVTWF', 'SNVTWFHAI']"
CASSMRSADTQYF,"['FFSNVTWFH', 'FLPFFSNVT', 'LPFFSNVTW', 'LPFFSNVTWF', 'PFFSNVTWF', 'SNVTWFHAI']"
CASSVRASYEQYF,"['FFSNVTWFH', 'FLPFFSNVT', 'LPFFSNVTW', 'LPFFSNVTWF', 'PFFSNVTWF', 'SNVTWFHAI']"
CASSIRGGSSYNEQFF,"['FFSNVTWFH', 'FLPFFSNVT', 'LPFFSNVTW', 'LPFFSNVTWF', 'PFFSNVTWF', 'SNVTWFHAI']"
CASSGRSTDTQYF,"['FFSNVTWFH', 'FLPFFSNVT', 'LPFFSNVTW', 'LPFFSNVTWF', 'PFFSNVTWF', 'SNVTWFHAI']"
CASSIRSGYEQYF,"['FFSNVTWFH', 'FLPFFSNVT', 'LPFFSNVTW', 'LPFFSNVTWF', 'PFFSNVTWF', 'SNVTWFHAI']"
CASSIRSSDTQYF,"['FFSNVTWFH', 'FLPFFSNVT', 'LPFFSNVTW', 'LPFFSNVTWF', 'PFFSNVTWF', 'SNVTWFHAI']"
CASSIISTDTQYF,"['FFSNVTWFH', 'FLPFFSNVT', 'LPFFSNVTW', 'LPFFSNVTWF', 'PFFSNVTWF', 'SNVTWFHAI']"
CASSIRAAYEQYF,"['FFSNVTWFH', 'FLPFFSNVT', 'LPFFSNVTW', 'LPFFSNVTWF', 'PFFSNVTWF', 'SNVTWFHAI']"
CASSARSTGELFF,"['FFSNVTWFH', 'FLPFFSNVT', 'LPFFSNVTW', 'LPFFSNVTWF', 'PFFSNVTWF', 'SNVTWFHAI', 'SEHDYQIGGYTEKW', 'YQIGGYTEK', 'YQIGGYTEKW']"
CASSTRSAYEQYF,"['FFSNVTWFH', 'FLPFFSNVT', 'LPFFSNVTW', 'LPFFSNVTWF', 'PFFSNVTWF', 'SNVTWFHAI']"
CASSMRSTDTQYF,"['FFSNVTWFH', 'FLPFFSNVT', 'LPFFSNVTW', 'LPFFSNVTWF', 'PFFSNVTWF', 'SNVTWFHAI']"
CASSSRSAGELFF,"['FFSNVTWFH', 'FLPFFSNVT', 'LPFFSNVTW', 'LPFFSNVTWF', 'PFFSNVTWF', 'SNVTWFHAI']"
CASSIRAGETQYF,"['FFSNVTWFH', 'FLPFFSNVT', 'LPFFSNVTW', 'LPFFSNVTWF', 'PFFSNVTWF', 'SNVTWFHAI']"
CASSVRSTDTQYF,"['FFSNVTWFH', 'FLPFFSNVT', 'LPFFSNVTW', 'LPFFSNVTWF', 'PFFSNVTWF', 'SNVTWFHAI']"
CASSGRSAGELFF,"['FFSNVTWFH', 'FLPFFSNVT', 'LPFFSNVTW', 'LPFFSNVTWF', 'PFFSNVTWF', 'SNVTWFHAI']"
CASSKRSTDTQYF,"['FFSNVTWFH', 'FLPFFSNVT', 'LPFFSNVTW', 'LPFFSNVTWF', 'PFFSNVTWF', 'SNVTWFHAI']"
CASSQRSTDTQYF,"['FFSNVTWFH', 'FLPFFSNVT', 'LPFFSNVTW', 'LPFFSNVTWF', 'PFFSNVTWF', 'SNVTWFHAI']"
CASSMRSAYEQYF,"['FFSNVTWFH', 'FLPFFSNVT', 'LPFFSNVTW', 'LPFFSNVTWF', 'PFFSNVTWF', 'SNVTWFHAI']"
CASSSRSTGELFF,"['FFSNVTWFH', 'FLPFFSNVT', 'LPFFSNVTW', 'LPFFSNVTWF', 'PFFSNVTWF', 'SNVTWFHAI']"
CASSGRAGDTQYF,"['FFSNVTWFH', 'FLPFFSNVT', 'LPFFSNVTW', 'LPFFSNVTWF', 'PFFSNVTWF', 'SNVTWFHAI']"
CASSIRSGVEQYF,"['FFSNVTWFH', 'FLPFFSNVT', 'LPFFSNVTW', 'LPFFSNVTWF', 'PFFSNVTWF', 'SNVTWFHAI']"
CASSIFSNQPQHF,"['FFSNVTWFH', 'FLPFFSNVT', 'LPFFSNVTW', 'LPFFSNVTWF', 'PFFSNVTWF', 'SNVTWFHAI']"
CASSIRSSHEQFF,"['FFSNVTWFH', 'FLPFFSNVT', 'LPFFSNVTW', 'LPFFSNVTWF', 'PFFSNVTWF', 'SNVTWFHAI']"
CASSSRSTDTQYF,"['FFSNVTWFH', 'FLPFFSNVT', 'LPFFSNVTW', 'LPFFSNVTWF', 'PFFSNVTWF', 'SNVTWFHAI']"
CASSIGSYGYTF,"['FFSNVTWFH', 'FLPFFSNVT', 'LPFFSNVTW', 'LPFFSNVTWF', 'PFFSNVTWF', 'SNVTWFHAI', 'AFPFTIYSL', 'GYINVFAFPF', 'INVFAFPFTI', 'MGYINVFAF', 'NVFAFPFTI', 'NVFAFPFTIY', 'YINVFAFPF']"
CASSIRSGETQYF,"['FFSNVTWFH', 'FLPFFSNVT', 'LPFFSNVTW', 'LPFFSNVTWF', 'PFFSNVTWF', 'SNVTWFHAI']"
CASSVYSNQPQHF,"['FFSNVTWFH', 'FLPFFSNVT', 'LPFFSNVTW', 'LPFFSNVTWF', 'PFFSNVTWF', 'SNVTWFHAI']"
CASSIRSGYEQFF,"['FFSNVTWFH', 'FLPFFSNVT', 'LPFFSNVTW', 'LPFFSNVTWF', 'PFFSNVTWF', 'SNVTWFHAI']"
CASSTRSSYEQYF,"['FFSNVTWFH', 'FLPFFSNVT', 'LPFFSNVTW', 'LPFFSNVTWF', 'PFFSNVTWF', 'SNVTWFHAI']"
CASSTRSGIEQFF,"['FFSNVTWFH', 'FLPFFSNVT', 'LPFFSNVTW', 'LPFFSNVTWF', 'PFFSNVTWF', 'SNVTWFHAI']"
CASSIRSAGELFF,"['FFSNVTWFH', 'FLPFFSNVT', 'LPFFSNVTW', 'LPFFSNVTWF', 'PFFSNVTWF', 'SNVTWFHAI']"
CASSIRSVGELFF,"['FFSNVTWFH', 'FLPFFSNVT', 'LPFFSNVTW', 'LPFFSNVTWF', 'PFFSNVTWF', 'SNVTWFHAI']"
CASSIRSSTEAFF,"['FFSNVTWFH', 'FLPFFSNVT', 'LPFFSNVTW', 'LPFFSNVTWF', 'PFFSNVTWF', 'SNVTWFHAI']"
CASSVRSAYEQYF,"['FFSNVTWFH', 'FLPFFSNVT', 'LPFFSNVTW', 'LPFFSNVTWF', 'PFFSNVTWF', 'SNVTWFHAI']"
CASSPRSTDTQYF,"['FFSNVTWFH', 'FLPFFSNVT', 'LPFFSNVTW', 'LPFFSNVTWF', 'PFFSNVTWF', 'SNVTWFHAI']"
CASSSRSANEQFF,"['FFSNVTWFH', 'FLPFFSNVT', 'LPFFSNVTW', 'LPFFSNVTWF', 'PFFSNVTWF', 'SNVTWFHAI']"
CASSTRAGVEQYF,"['FFSNVTWFH', 'FLPFFSNVT', 'LPFFSNVTW', 'LPFFSNVTWF', 'PFFSNVTWF', 'SNVTWFHAI']"
CASSIRSQDTQYF,"['FFSNVTWFH', 'FLPFFSNVT', 'LPFFSNVTW', 'LPFFSNVTWF', 'PFFSNVTWF', 'SNVTWFHAI']"
CASSIRSTETQYF,"['FFSNVTWFH', 'FLPFFSNVT', 'LPFFSNVTW', 'LPFFSNVTWF', 'PFFSNVTWF', 'SNVTWFHAI']"
CASSTRASYEQYF,"['FFSNVTWFH', 'FLPFFSNVT', 'LPFFSNVTW', 'LPFFSNVTWF', 'PFFSNVTWF', 'SNVTWFHAI']"
CASSIGYYGYTF,"['FFSNVTWFH', 'FLPFFSNVT', 'LPFFSNVTW', 'LPFFSNVTWF', 'PFFSNVTWF', 'SNVTWFHAI']"
CASSLRSAYEQYF,"['FFSNVTWFH', 'FLPFFSNVT', 'LPFFSNVTW', 'LPFFSNVTWF', 'PFFSNVTWF', 'SNVTWFHAI']"
CASSYRSSYEQYF,"['FFSNVTWFH', 'FLPFFSNVT', 'LPFFSNVTW', 'LPFFSNVTWF', 'PFFSNVTWF', 'SNVTWFHAI']"
CASSFRSSYEQYF,"['FFSNVTWFH', 'FLPFFSNVT', 'LPFFSNVTW', 'LPFFSNVTWF', 'PFFSNVTWF', 'SNVTWFHAI']"
CASSIYSNTEAFF,"['FFSNVTWFH', 'FLPFFSNVT', 'LPFFSNVTW', 'LPFFSNVTWF', 'PFFSNVTWF', 'SNVTWFHAI']"
CASSIVSRDTQYF,"['FFSNVTWFH', 'FLPFFSNVT', 'LPFFSNVTW', 'LPFFSNVTWF', 'PFFSNVTWF', 'SNVTWFHAI']"
CASSIRSTYEQYF,"['FFSNVTWFH', 'FLPFFSNVT', 'LPFFSNVTW', 'LPFFSNVTWF', 'PFFSNVTWF', 'SNVTWFHAI']"
CASSIRAGYEQYF,"['FFSNVTWFH', 'FLPFFSNVT', 'LPFFSNVTW', 'LPFFSNVTWF', 'PFFSNVTWF', 'SNVTWFHAI']"
CASSPRSSDTQYF,"['FFSNVTWFH', 'FLPFFSNVT', 'LPFFSNVTW', 'LPFFSNVTWF', 'PFFSNVTWF', 'SNVTWFHAI']"
CASSTRSGQPQHF,"['FFSNVTWFH', 'FLPFFSNVT', 'LPFFSNVTW', 'LPFFSNVTWF', 'PFFSNVTWF', 'SNVTWFHAI']"
CASSIRSDEKLFF,"['FFSNVTWFH', 'FLPFFSNVT', 'LPFFSNVTW', 'LPFFSNVTWF', 'PFFSNVTWF', 'SNVTWFHAI']"
CASSTGSYGYTF,"['FFSNVTWFH', 'FLPFFSNVT', 'LPFFSNVTW', 'LPFFSNVTWF', 'PFFSNVTWF', 'SNVTWFHAI']"
CASSTRSTYEQYF,"['FFSNVTWFH', 'FLPFFSNVT', 'LPFFSNVTW', 'LPFFSNVTWF', 'PFFSNVTWF', 'SNVTWFHAI']"
CASSIRSSYEQFF,"['FFSNVTWFH', 'FLPFFSNVT', 'LPFFSNVTW', 'LPFFSNVTWF', 'PFFSNVTWF', 'SNVTWFHAI']"
CASSIGLWGYTF,"['FFSNVTWFH', 'FLPFFSNVT', 'LPFFSNVTW', 'LPFFSNVTWF', 'PFFSNVTWF', 'SNVTWFHAI']"
CASSTSSTGELFF,"['FFSNVTWFH', 'FLPFFSNVT', 'LPFFSNVTW', 'LPFFSNVTWF', 'PFFSNVTWF', 'SNVTWFHAI']"
CASSSRAAYEQYF,"['FFSNVTWFH', 'FLPFFSNVT', 'LPFFSNVTW', 'LPFFSNVTWF', 'PFFSNVTWF', 'SNVTWFHAI']"
CASSIGLYGYTF,"['FFSNVTWFH', 'FLPFFSNVT', 'LPFFSNVTW', 'LPFFSNVTWF', 'PFFSNVTWF', 'SNVTWFHAI']"
CASSFRSTDTQYF,"['FFSNVTWFH', 'FLPFFSNVT', 'LPFFSNVTW', 'LPFFSNVTWF', 'PFFSNVTWF', 'SNVTWFHAI']"
CASSSRSSDTQYF,"['FFSNVTWFH', 'FLPFFSNVT', 'LPFFSNVTW', 'LPFFSNVTWF', 'PFFSNVTWF', 'SNVTWFHAI']"
CASSTGAYGYTF,"['FFSNVTWFH', 'FLPFFSNVT', 'LPFFSNVTW', 'LPFFSNVTWF', 'PFFSNVTWF', 'SNVTWFHAI', 'AFPFTIYSL', 'GYINVFAFPF', 'INVFAFPFTI', 'MGYINVFAF', 'NVFAFPFTI', 'NVFAFPFTIY', 'YINVFAFPF']"
CASSTGLYGYTF,"['FFSNVTWFH', 'FLPFFSNVT', 'LPFFSNVTW', 'LPFFSNVTWF', 'PFFSNVTWF', 'SNVTWFHAI', 'AFPFTIYSL', 'GYINVFAFPF', 'INVFAFPFTI', 'MGYINVFAF', 'NVFAFPFTI', 'NVFAFPFTIY', 'YINVFAFPF']"
CASSHRSTDTQYF,"['FFSNVTWFH', 'FLPFFSNVT', 'LPFFSNVTW', 'LPFFSNVTWF', 'PFFSNVTWF', 'SNVTWFHAI']"
CASSITGTYNEQFF,"['FFSNVTWFH', 'FLPFFSNVT', 'LPFFSNVTW', 'LPFFSNVTWF', 'PFFSNVTWF', 'SNVTWFHAI']"
CASSISSTGELFF,"['FFSNVTWFH', 'FLPFFSNVT', 'LPFFSNVTW', 'LPFFSNVTWF', 'PFFSNVTWF', 'SNVTWFHAI']"
CASSIRSSGEQFF,"['FFSNVTWFH', 'FLPFFSNVT', 'LPFFSNVTW', 'LPFFSNVTWF', 'PFFSNVTWF', 'SNVTWFHAI']"
CASSGRATGELFF,"['FFSNVTWFH', 'FLPFFSNVT', 'LPFFSNVTW', 'LPFFSNVTWF', 'PFFSNVTWF', 'SNVTWFHAI']"
CASSTRSGTEQYF,"['FFSNVTWFH', 'FLPFFSNVT', 'LPFFSNVTW', 'LPFFSNVTWF', 'PFFSNVTWF', 'SNVTWFHAI']"
CASSARSADTQYF,"['FFSNVTWFH', 'FLPFFSNVT', 'LPFFSNVTW', 'LPFFSNVTWF', 'PFFSNVTWF', 'SNVTWFHAI']"
CASSMGIYGYTF,"['FFSNVTWFH', 'FLPFFSNVT', 'LPFFSNVTW', 'LPFFSNVTWF', 'PFFSNVTWF', 'SNVTWFHAI']"
CASSPRSAYEQYF,"['FFSNVTWFH', 'FLPFFSNVT', 'LPFFSNVTW', 'LPFFSNVTWF', 'PFFSNVTWF', 'SNVTWFHAI']"
CASSPRSADTQYF,"['FFSNVTWFH', 'FLPFFSNVT', 'LPFFSNVTW', 'LPFFSNVTWF', 'PFFSNVTWF', 'SNVTWFHAI']"
CASSARSTDTQYF,"['FFSNVTWFH', 'FLPFFSNVT', 'LPFFSNVTW', 'LPFFSNVTWF', 'PFFSNVTWF', 'SNVTWFHAI']"
CASSTRSSNEQFF,"['FFSNVTWFH', 'FLPFFSNVT', 'LPFFSNVTW', 'LPFFSNVTWF', 'PFFSNVTWF', 'SNVTWFHAI']"
CASSLVGLSYEQYF,"['DGVYFASTEK', 'GVYFASTEK', 'LPFNDGVYF', 'LPFNDGVYFA', 'VLPFNDGVY', 'VLPFNDGVYF']"
CASSISSGSYNEQFF,"['DLPIGINITR', 'INITRFQTL', 'LPIGINITRF']"
CASSLGVGTEAFF,"['FPNITNLCPF', 'QPTESIVRF', 'RFPNITNLCPF', 'TESIVRFPNI', 'VQPTESIVRF', 'VRFPNITNL', 'GMEVTPSGTWL', 'MEVTPSGTWL', 'TPSGTWLTY', 'VTPSGTWLTY']"
CASSSDRGGYNEQFF,"['FPNITNLCPF', 'QPTESIVRF', 'RFPNITNLCPF', 'TESIVRFPNI', 'VQPTESIVRF', 'VRFPNITNL']"
CASSLSGSYNEQFF,"['FPNITNLCPF', 'QPTESIVRF', 'RFPNITNLCPF', 'TESIVRFPNI', 'VQPTESIVRF', 'VRFPNITNL']"
CASSLGSSNQPQHF,"['FGEVFNATRF', 'FNATRFASVY', 'GEVFNATRF', 'NATRFASVY']"
CASSTRGAYEQYF,"['CFTNVYADSF', 'FTNVYADSF', 'FTNVYADSFV', 'KLNDLCFTNV', 'LNDLCFTNVY', 'NVYADSFVIR', 'VYADSFVIR']"
CASSYGSYGYTF,"['GYQPYRVVVL', 'PYRVVVLSF', 'QPYRVVVL', 'QPYRVVVLSF', 'AFPFTIYSL', 'GYINVFAFPF', 'INVFAFPFTI', 'MGYINVFAF', 'NVFAFPFTI', 'NVFAFPFTIY', 'YINVFAFPF']"
CASAGISTDTQYF,"['GYQPYRVVVL', 'PYRVVVLSF', 'QPYRVVVL', 'QPYRVVVLSF']"
CASSLGGNTGELFF,"['AIPTNFTISV', 'AYSNNSIAIPTNF', 'IPTNFTISV', 'NSIAIPTNF', 'AFLLFLVLI', 'FLAFLLFLV', 'FYLCFLAFL', 'FYLCFLAFLL', 'IDFYLCFLAF', 'IELSLIDFYL', 'LIDFYLCFL', 'LLFLVLIML', 'MIELSLIDFY', 'SLIDFYLCFL', 'YLCFLAFLL']"
CASSLYRGEKLFF,['GTITSGWTF']
CASSLAGGSNQPQHF,"['AEVQIDRLI', 'AEVQIDRLIT', 'VEAEVQIDRL', 'VQIDRLITGR', 'LSPRWYFYY', 'SPRWYFYYL']"
CASSFGQGGEKLFF,"['HLMSFPQSA', 'YHLMSFPQSA']"
CASSPVSYNEQFF,"['FPQSAPHGV', 'FPQSAPHGVVF']"
CASSLTGAGYEQYF,"['APHGVVFL', 'APHGVVFLHV', 'GVVFLHVTY', 'VVFLHVTYV']"
CASSLAGGPGNEQFF,"['KEIDRLNEV', 'LSPRWYFYY', 'SPRWYFYYL']"
CASSQGTGELFF,"['FIAGLIAIV', 'IMLIIFWFSL', 'MLIIFWFSL']"
CASSFGLYEQYF,"['FVRATATIPI', 'SLVKPSFYV']"
CASSFGSTDTQYF,['FVRATATIPI']
CASSLLAGAGELFF,"['FLQSINFVR', 'FLQSINFVRI', 'FLYLYALVYF', 'GLEAPFLYLY', 'INFVRIIMR', 'LQSINFVRI', 'LQSINFVRII', 'QSINFVRII', 'SINFVRIIMR', 'VYFLQSINF', 'VYFLQSINFV', 'YFLQSINFVR', 'YLYALVYFL']"
CASSLAGGAYGYTF,"['FLQSINFVR', 'FLQSINFVRI', 'FLYLYALVYF', 'GLEAPFLYLY', 'INFVRIIMR', 'LQSINFVRI', 'LQSINFVRII', 'QSINFVRII', 'SINFVRIIMR', 'VYFLQSINF', 'VYFLQSINFV', 'YFLQSINFVR', 'YLYALVYFL']"
CASSQPDSNQPQHF,"['FLQSINFVR', 'FLQSINFVRI', 'FLYLYALVYF', 'GLEAPFLYLY', 'INFVRIIMR', 'LQSINFVRI', 'LQSINFVRII', 'QSINFVRII', 'SINFVRIIMR', 'VYFLQSINF', 'VYFLQSINFV', 'YFLQSINFVR', 'YLYALVYFL']"
CASSIVTDTQYF,"['FLQSINFVR', 'FLQSINFVRI', 'FLYLYALVYF', 'GLEAPFLYLY', 'INFVRIIMR', 'LQSINFVRI', 'LQSINFVRII', 'QSINFVRII', 'SINFVRIIMR', 'VYFLQSINF', 'VYFLQSINFV', 'YFLQSINFVR', 'YLYALVYFL']"
CASSPNSNQPQHF,"['FLQSINFVR', 'FLQSINFVRI', 'FLYLYALVYF', 'GLEAPFLYLY', 'INFVRIIMR', 'LQSINFVRI', 'LQSINFVRII', 'QSINFVRII', 'SINFVRIIMR', 'VYFLQSINF', 'VYFLQSINFV', 'YFLQSINFVR', 'YLYALVYFL']"
CASSFSAGELFF,"['FLQSINFVR', 'FLQSINFVRI', 'FLYLYALVYF', 'GLEAPFLYLY', 'INFVRIIMR', 'LQSINFVRI', 'LQSINFVRII', 'QSINFVRII', 'SINFVRIIMR', 'VYFLQSINF', 'VYFLQSINFV', 'YFLQSINFVR', 'YLYALVYFL']"
CASSFGDEQFF,"['FLQSINFVR', 'FLQSINFVRI', 'FLYLYALVYF', 'GLEAPFLYLY', 'INFVRIIMR', 'LQSINFVRI', 'LQSINFVRII', 'QSINFVRII', 'SINFVRIIMR', 'VYFLQSINF', 'VYFLQSINFV', 'YFLQSINFVR', 'YLYALVYFL', 'LLYDANYFL', 'LLYDANYFLC', 'LYDANYFLCW', 'NPLLYDANY', 'PLLYDANYFL', 'YDANYFLCW', 'FAYANRNRF', 'LQFAYANRNR', 'YANRNRFLY', 'AFLLFLVLI', 'FLAFLLFLV', 'FYLCFLAFL', 'FYLCFLAFLL', 'IDFYLCFLAF', 'IELSLIDFYL', 'LIDFYLCFL', 'LLFLVLIML', 'MIELSLIDFY', 'SLIDFYLCFL', 'YLCFLAFLL']"
CASALGGYNEQFF,"['FLQSINFVR', 'FLQSINFVRI', 'FLYLYALVYF', 'GLEAPFLYLY', 'INFVRIIMR', 'LQSINFVRI', 'LQSINFVRII', 'QSINFVRII', 'SINFVRIIMR', 'VYFLQSINF', 'VYFLQSINFV', 'YFLQSINFVR', 'YLYALVYFL']"
CASSSGSYGYTF,"['FLQSINFVR', 'FLQSINFVRI', 'FLYLYALVYF', 'GLEAPFLYLY', 'INFVRIIMR', 'LQSINFVRI', 'LQSINFVRII', 'QSINFVRII', 'SINFVRIIMR', 'VYFLQSINF', 'VYFLQSINFV', 'YFLQSINFVR', 'YLYALVYFL', 'HLRIAGHHL', 'RIAGHHLGR', 'AFPFTIYSL', 'GYINVFAFPF', 'INVFAFPFTI', 'MGYINVFAF', 'NVFAFPFTI', 'NVFAFPFTIY', 'YINVFAFPF']"
CASSPGQRTEAFF,"['SYFTSDYYQL', 'VLHSYFTSDY', 'YFTSDYYQLY']"
CASRSGAEAFF,['SEETGTLIV']
CASRTGSMNTEAFF,['WICLLQFAY']
CASSIFHTDTQYF,"['FAYANRNRF', 'LQFAYANRNR', 'YANRNRFLY']"
CASSSGFYEQYF,"['FLWLLWPVT', 'FLWLLWPVTL', 'LWLLWPVTL', 'LWPVTLACF', 'TLACFVLAAV', 'WLLWPVTLA', 'WPVTLACFVL', 'AFPFTIYSL', 'GYINVFAFPF', 'INVFAFPFTI', 'MGYINVFAF', 'NVFAFPFTI', 'NVFAFPFTIY', 'YINVFAFPF']"
CASSLVGTGELFF,"['FLWLLWPVT', 'FLWLLWPVTL', 'LWLLWPVTL', 'LWPVTLACF', 'TLACFVLAAV', 'WLLWPVTLA', 'WPVTLACFVL', 'IMLIIFWFSL', 'MLIIFWFSL']"
CASSLYSNQPQHF,"['FLWLLWPVT', 'FLWLLWPVTL', 'LWLLWPVTL', 'LWPVTLACF', 'TLACFVLAAV', 'WLLWPVTLA', 'WPVTLACFVL', 'ELYSPIFLI', 'LYSPIFLIV', 'QELYSPIFL', 'VQELYSPIF', 'VQELYSPIFL', 'AFLLFLVLI', 'FLAFLLFLV', 'FYLCFLAFL', 'FYLCFLAFLL', 'IDFYLCFLAF', 'IELSLIDFYL', 'LIDFYLCFL', 'LLFLVLIML', 'MIELSLIDFY', 'SLIDFYLCFL', 'YLCFLAFLL']"
CASSLTSGNEQFF,"['FLWLLWPVT', 'FLWLLWPVTL', 'LWLLWPVTL', 'LWPVTLACF', 'TLACFVLAAV', 'WLLWPVTLA', 'WPVTLACFVL']"
CASSQGLAGSEQYF,"['SELVIGAVI', 'SELVIGAVIL']"
CASSIYSTDTQYF,"['SELVIGAVI', 'SELVIGAVIL']"
CASSLSAGETQYF,"['ATSRTLSYY', 'ATSRTLSYYK', 'TSRTLSYYK', 'TVATSRTLSY']"
CASSPLSTDTQYF,"['CELYHYQECV', 'ITLATCELY', 'LITLATCELY', 'TLATCELYHY', 'AFLLFLVLI', 'FLAFLLFLV', 'FYLCFLAFL', 'FYLCFLAFLL', 'IDFYLCFLAF', 'IELSLIDFYL', 'LIDFYLCFL', 'LLFLVLIML', 'MIELSLIDFY', 'SLIDFYLCFL', 'YLCFLAFLL']"
CASSLGDQPQHF,"['RARSVSPKL', 'SVSPKLFIR']"
CASSFGQGADEQYF,"['ELYSPIFLI', 'LYSPIFLIV', 'QELYSPIFL', 'VQELYSPIF', 'VQELYSPIFL']"
CASSYTSGNTGELFF,"['ELYSPIFLI', 'LYSPIFLIV', 'QELYSPIFL', 'VQELYSPIF', 'VQELYSPIFL']"
CASSFSSSYNEQFF,"['ELYSPIFLI', 'LYSPIFLIV', 'QELYSPIFL', 'VQELYSPIF', 'VQELYSPIFL']"
CASSSGGPYNEQFF,"['ELYSPIFLI', 'LYSPIFLIV', 'QELYSPIFL', 'VQELYSPIF', 'VQELYSPIFL']"
CASSWDRNNEQFF,"['ELYSPIFLI', 'LYSPIFLIV', 'QELYSPIFL', 'VQELYSPIF', 'VQELYSPIFL']"
CASSLEAGSYNEQFF,"['AFLLFLVLI', 'FLAFLLFLV', 'FYLCFLAFL', 'FYLCFLAFLL', 'IDFYLCFLAF', 'IELSLIDFYL', 'LIDFYLCFL', 'LLFLVLIML', 'MIELSLIDFY', 'SLIDFYLCFL', 'YLCFLAFLL']"
CASSYYSNQPQHF,"['AFLLFLVLI', 'FLAFLLFLV', 'FYLCFLAFL', 'FYLCFLAFLL', 'IDFYLCFLAF', 'IELSLIDFYL', 'LIDFYLCFL', 'LLFLVLIML', 'MIELSLIDFY', 'SLIDFYLCFL', 'YLCFLAFLL']"
CASSFYSNQPQHF,"['AFLLFLVLI', 'FLAFLLFLV', 'FYLCFLAFL', 'FYLCFLAFLL', 'IDFYLCFLAF', 'IELSLIDFYL', 'LIDFYLCFL', 'LLFLVLIML', 'MIELSLIDFY', 'SLIDFYLCFL', 'YLCFLAFLL']"
CASSPFGANVLTF,"['AFLLFLVLI', 'FLAFLLFLV', 'FYLCFLAFL', 'FYLCFLAFLL', 'IDFYLCFLAF', 'IELSLIDFYL', 'LIDFYLCFL', 'LLFLVLIML', 'MIELSLIDFY', 'SLIDFYLCFL', 'YLCFLAFLL']"
CASRTGGYEQYF,"['AFLLFLVLI', 'FLAFLLFLV', 'FYLCFLAFL', 'FYLCFLAFLL', 'IDFYLCFLAF', 'IELSLIDFYL', 'LIDFYLCFL', 'LLFLVLIML', 'MIELSLIDFY', 'SLIDFYLCFL', 'YLCFLAFLL']"
CASSPTGGSYNEQFF,"['AFLLFLVLI', 'FLAFLLFLV', 'FYLCFLAFL', 'FYLCFLAFLL', 'IDFYLCFLAF', 'IELSLIDFYL', 'LIDFYLCFL', 'LLFLVLIML', 'MIELSLIDFY', 'SLIDFYLCFL', 'YLCFLAFLL']"
CASSINAYNEQFF,"['AFLLFLVLI', 'FLAFLLFLV', 'FYLCFLAFL', 'FYLCFLAFLL', 'IDFYLCFLAF', 'IELSLIDFYL', 'LIDFYLCFL', 'LLFLVLIML', 'MIELSLIDFY', 'SLIDFYLCFL', 'YLCFLAFLL']"
CASSPYNEQFF,"['AFLLFLVLI', 'FLAFLLFLV', 'FYLCFLAFL', 'FYLCFLAFLL', 'IDFYLCFLAF', 'IELSLIDFYL', 'LIDFYLCFL', 'LLFLVLIML', 'MIELSLIDFY', 'SLIDFYLCFL', 'YLCFLAFLL']"
CASSLIYPGELFF,"['AFLLFLVLI', 'FLAFLLFLV', 'FYLCFLAFL', 'FYLCFLAFLL', 'IDFYLCFLAF', 'IELSLIDFYL', 'LIDFYLCFL', 'LLFLVLIML', 'MIELSLIDFY', 'SLIDFYLCFL', 'YLCFLAFLL']"
CASSPLAGGLNEQFF,"['AFLLFLVLI', 'FLAFLLFLV', 'FYLCFLAFL', 'FYLCFLAFLL', 'IDFYLCFLAF', 'IELSLIDFYL', 'LIDFYLCFL', 'LLFLVLIML', 'MIELSLIDFY', 'SLIDFYLCFL', 'YLCFLAFLL']"
CASSHLAGGYNEQFF,"['AFLLFLVLI', 'FLAFLLFLV', 'FYLCFLAFL', 'FYLCFLAFLL', 'IDFYLCFLAF', 'IELSLIDFYL', 'LIDFYLCFL', 'LLFLVLIML', 'MIELSLIDFY', 'SLIDFYLCFL', 'YLCFLAFLL']"
CASSPGQGTEAFF,"['AFLLFLVLI', 'FLAFLLFLV', 'FYLCFLAFL', 'FYLCFLAFLL', 'IDFYLCFLAF', 'IELSLIDFYL', 'LIDFYLCFL', 'LLFLVLIML', 'MIELSLIDFY', 'SLIDFYLCFL', 'YLCFLAFLL']"
CASSLGTSYEQYF,"['AFLLFLVLI', 'FLAFLLFLV', 'FYLCFLAFL', 'FYLCFLAFLL', 'IDFYLCFLAF', 'IELSLIDFYL', 'LIDFYLCFL', 'LLFLVLIML', 'MIELSLIDFY', 'SLIDFYLCFL', 'YLCFLAFLL', 'NGGDAALALLLLDRLNQLE', 'QASSRSSSRSRNSSRNSTP', 'RSRNSSRNSTPGSSRGTSP', 'STPGSSRGTSPARMAGNGG', 'TSPARMAGNGGDAALALLL']"
CASSGETDTQYF,"['AFLLFLVLI', 'FLAFLLFLV', 'FYLCFLAFL', 'FYLCFLAFLL', 'IDFYLCFLAF', 'IELSLIDFYL', 'LIDFYLCFL', 'LLFLVLIML', 'MIELSLIDFY', 'SLIDFYLCFL', 'YLCFLAFLL']"
CASSQYSNQPQHF,"['AFLLFLVLI', 'FLAFLLFLV', 'FYLCFLAFL', 'FYLCFLAFLL', 'IDFYLCFLAF', 'IELSLIDFYL', 'LIDFYLCFL', 'LLFLVLIML', 'MIELSLIDFY', 'SLIDFYLCFL', 'YLCFLAFLL']"
CASSYGQNTGELFF,"['IMLIIFWFSL', 'MLIIFWFSL']"
CASSYGVGTEAFF,"['VDDPCPIHFY', 'VVDDPCPIHFY', 'YVVDDPCPI']"
CASSPGQGATGELFF,['IQYIDIGNY']
CASSLGTGPYNEQFF,"['GNYTVSCLPF', 'NYTVSCLPF', 'YTVSCLPFTI']"
CASSWDKTYEQYF,"['GNYTVSCLPF', 'NYTVSCLPF', 'YTVSCLPFTI']"
CASSSRAGGDTQYF,"['LSPRWYFYY', 'SPRWYFYYL']"
CASSLEGANYGYTF,"['LSPRWYFYY', 'SPRWYFYYL']"
CASSQGNYGYTF,"['ALALLLLDR', 'GDAALALLLL', 'LALLLLDRL', 'LLLDRLNQL', 'LLLLDRLNQ', 'LLLLDRLNQL']"
CASSSANYGYTF,"['ELIRQGTDY', 'QELIRQGTDY', 'QELIRQGTDYKHW']"
CASSWGQGSTDTQYF,"['GMEVTPSGTWL', 'MEVTPSGTWL', 'TPSGTWLTY', 'VTPSGTWLTY']"
CASSMGQGTYEQYF,"['GMEVTPSGTWL', 'MEVTPSGTWL', 'TPSGTWLTY', 'VTPSGTWLTY']"
CASSFGGTQYF,"['AYKTFPPTEPK', 'KTFPPTEPK', 'AFPFTIYSL', 'GYINVFAFPF', 'INVFAFPFTI', 'MGYINVFAF', 'NVFAFPFTI', 'NVFAFPFTIY', 'YINVFAFPF']"
CASSIGSTDTQYF,"['AYKTFPPTEPK', 'KTFPPTEPK']"
CASNIYSNQPQHF,"['AYKTFPPTEPK', 'KTFPPTEPK']"
CASSSTGETQYF,"['AFPFTIYSL', 'GYINVFAFPF', 'INVFAFPFTI', 'MGYINVFAF', 'NVFAFPFTI', 'NVFAFPFTIY', 'YINVFAFPF']"
CASSVNSNQPQHF,"['AFPFTIYSL', 'GYINVFAFPF', 'INVFAFPFTI', 'MGYINVFAF', 'NVFAFPFTI', 'NVFAFPFTIY', 'YINVFAFPF']"
CASSQGAYGYTF,"['AFPFTIYSL', 'GYINVFAFPF', 'INVFAFPFTI', 'MGYINVFAF', 'NVFAFPFTI', 'NVFAFPFTIY', 'YINVFAFPF']"
CASSLAYEQFF,"['AFPFTIYSL', 'GYINVFAFPF', 'INVFAFPFTI', 'MGYINVFAF', 'NVFAFPFTI', 'NVFAFPFTIY', 'YINVFAFPF']"
CASSLGLYGYTF,"['AFPFTIYSL', 'GYINVFAFPF', 'INVFAFPFTI', 'MGYINVFAF', 'NVFAFPFTI', 'NVFAFPFTIY', 'YINVFAFPF']"
CASSPDRESNQPQHF,"['AFPFTIYSL', 'GYINVFAFPF', 'INVFAFPFTI', 'MGYINVFAF', 'NVFAFPFTI', 'NVFAFPFTIY', 'YINVFAFPF']"
CASSFGEQFF,"['AFPFTIYSL', 'GYINVFAFPF', 'INVFAFPFTI', 'MGYINVFAF', 'NVFAFPFTI', 'NVFAFPFTIY', 'YINVFAFPF']"
CASSITPNTEAFF,"['AFPFTIYSL', 'GYINVFAFPF', 'INVFAFPFTI', 'MGYINVFAF', 'NVFAFPFTI', 'NVFAFPFTIY', 'YINVFAFPF']"
CASSFTVNYGYTF,"['AFPFTIYSL', 'GYINVFAFPF', 'INVFAFPFTI', 'MGYINVFAF', 'NVFAFPFTI', 'NVFAFPFTIY', 'YINVFAFPF']"
CASSGTGAGEQYF,"['NATRFASVYAWNRKRISNC', 'RVQPTESIVRFPNITNLCP', 'SNCVADYSVLYNSASFSTF', 'VRFPNITNLCPFGEVFNAT', 'YAWNRKRISNCVADYSVLY']"
CASSETGLNTEAFF,"['AQVKQIYKTPPIKDFGGFN', 'CGDSTECSNLLLQYGSFCT', 'DKNTQEVFAQVKQIYKTPP', 'FCTQLNRALTGIAVEQDKN', 'LTGIAVEQDKNTQEVFAQV', 'NLLLQYGSFCTQLNRALTG']"
CASSRGGLSYNEQFF,"['ECSLQSCTQHQPYVVDDPCP', 'HQPYVVDDPCPIHFYSKWYI', 'ITTVAAFHQECSLQSCTQHQ']"
CASSPRSSYEQYF,"['NGGDAALALLLLDRLNQLE', 'QASSRSSSRSRNSSRNSTP', 'RSRNSSRNSTPGSSRGTSP', 'STPGSSRGTSPARMAGNGG', 'TSPARMAGNGGDAALALLL']"
CASTGGYGYTF,"['MSGKGQQQQGQTVTKKSAA', 'PRQKRTATKAYNVTQAFGR', 'QGQTVTKKSAAEASKKPRQ', 'RLNQLESKMSGKGQQQQGQ', 'SAAEASKKPRQKRTATKAY']"
